"id","name","position","department","salary","email","dob","office","home_address","hired_date","contract","nin","emergency_name","emergency_relationship","emergency_phone"
"1221265","Russ Cutchie","Factory Worker","Operations","25416.00","Russ.Cutchie@kilburnazon.com","1985-09-08","Northern Ireland Distribution Centre","661 Gale Road","2015-02-15","Part-Time","BZ630455D",,,"07070 997812"
"1221452","Harriott Pinn","Factory Worker","Operations","29230.00","Harriott.Pinn@kilburnazon.com","2009-05-28","Northern Ireland Distribution Centre","94695 Oak Valley Drive","2015-05-04","Full-Time","SB900295A","Ella Huygen",,"07527 612710"
"1221709","Emmey Hirtz","Factory Worker","Operations","27263.00","Emmey.Hirtz@kilburnazon.com","2005-11-30","England South Distribution Centre","2 Sunfield Parkway","2020-07-31","Full-Time","GV786046B","Aigneis Mollatt","Husband","07136 161512"
"1221792","Gregg Schiell","Factory Worker","Operations","25773.00","Gregg.Schiell@kilburnazon.com","1978-10-02","Northern Ireland Distribution Centre","4 Bay Street","2023-10-10","Full-Time","FD270800C","Jerri Allan","Husband",
"1221832","Cristin Loudian","Factory Worker","Operations","29058.00","Cristin.Loudian@kilburnazon.com","1989-06-18","England Central Distribution Centre","86 Fairview Drive","2016-04-27","Full-Time","OM263026A","Brantley Zanetti",,"07889 556088"
"1221908","Lock McCurrie","Factory Worker","Operations","26375.00","Lock.McCurrie@kilburnazon.com","2004-07-21","England South Distribution Centre","25218 Eastlawn Terrace","2022-07-19","Full-Time","PU212720A","Adoree Tomkies","Boyfriend","07083 955300"
"11123211","Elon Bazos","CEO","Executive","49180.00","Elon.Bazos@kilburnazon.com","1974-04-12","Kilburn Building","534 Moulton Avenue","2014-02-15","Full-Time","RE885173B","Stanislas Tunnow","Wife","07208 300969"
"11214682","Jarvis Kare","PA","Executive","75000.00","Jarvis.Kare@kilburnazon.com","1981-03-06","Kilburn Building","75631 Hazelcrest Court","2015-11-16","Full-Time","DF625255C","Pittem Kare","Wife",
"11223214","Sarah Turing","CTO","Executive","45876.00","Sarah.Turing@kilburnazon.com","1977-08-23","Kilburn Building","462 Westerfield Road","2017-12-02","Full-Time","LQ649084C","Agosto Hoggan","Boyfriend","07760 801643"
"11224403","Steve Hopper","CMO","Executive","31520.00","Steve.Hopper@kilburnazon.com","1986-08-27","Kilburn Building","21917 Forest Place","2015-11-11","Full-Time","BG154525C",,"Civil Partner","07279 090043"
"11226496","Jeff Lovelace","CFO","Executive","30032.00","Jeff.Lovelace@kilburnazon.com","1976-12-15","Kilburn Building","2 Waubesa Terrace","2016-07-16","Full-Time","SY194109A",,"Boyfriend","07786 830672"
"11229804","Tracey Gates","COO","Executive","47215.00","Tracey.Gates@kilburnazon.com","1977-10-26","Kilburn Building","29916 Elmside Center","2017-07-26","Full-Time","AN593683D","Karlens Kilfether",,"07770 850 516"
"12110062","Sheela Plews","Health & Safety Officer","Operations","28546.00","Sheela.Plews@kilburnazon.com","2004-12-04","England South Distribution Centre","424 Nancy Terrace","2017-08-16","Part-Time","SE804347A","Briant Tall","Girlfriend",
"12111088","Tierney Saura","Health & Safety Officer","Operations","33774.00","Tierney.Saura@kilburnazon.com","2003-08-20","Wales Distribution Centre","36 Fordem Way","2023-02-16","Full-Time","IB336855D",,,"07776 617476"
"12111522","Marten Eskrick","Health & Safety Officer","Operations","29570.00","Marten.Eskrick@kilburnazon.com","1988-02-11","Wales Distribution Centre","0488 Michigan Avenue","2021-12-23","Part-Time","HO238829D","Isador Struttman","Girlfriend","07228 700712"
"12112639","Aurilia Dove","Health & Safety Officer","Operations","23283.00","Aurilia.Dove@kilburnazon.com","1998-09-27","Scotland Distribution Centre","1 Corry Court","2023-03-05","Full-Time","MZ652678D","Stanly Grindell","Wife","07325 756690"
"12112712","Jenda Cohrs","Health & Safety Officer","Operations","32861.00","Jenda.Cohrs@kilburnazon.com","2000-12-25","England North Distribution Centre","85093 Stuart Point","2023-11-23","Part-Time","IE617692A","Elsworth Roskruge","Wife","07301 166168"
"12112750","Carol Paolozzi","Health & Safety Officer","Operations","25195.00","Carol.Paolozzi@kilburnazon.com","1983-07-26","England South Distribution Centre","56 John Wall Point","2016-09-25","Part-Time","ME002330D","Jone Phelp","Wife","07727 912036"
"12113642","Scarface Gavaran","Health & Safety Officer","Operations","29686.00","Scarface.Gavaran@kilburnazon.com","1996-09-23","England Central Distribution Centre","51060 Anderson Drive","2023-08-30","Full-Time","WF788117C","Jaynell Sprey","Girlfriend","07997 333416"
"12113666","Edythe Colisbe","Health & Safety Officer","Operations","27512.00","Edythe.Colisbe@kilburnazon.com","2008-07-04","England North Distribution Centre","7244 Northland Alley","2019-07-04","Full-Time","MO232288B",,"Civil Partner","07749 087584"
"12114168","Cymbre Braiden","Health & Safety Officer","Operations","22947.00","Cymbre.Braiden@kilburnazon.com","1984-03-09","Northern Ireland Distribution Centre","0 Artisan Road","2022-04-23","Full-Time","LD278104D","Danette Dines",,"07777 784214"
"12116288","Deeanne Westoll","Health & Safety Officer","Operations","34693.00","Deeanne.Westoll@kilburnazon.com","1977-12-06","England Central Distribution Centre","412 North Street","2016-09-21","Full-Time","XR656206B","Zeke Vennings","Wife","07647 152752"
"12116601","Christie Pischoff","Health & Safety Officer","Operations","23242.00","Christie.Pischoff@kilburnazon.com","1981-10-15","Scotland Distribution Centre","39695 Sunbrook Plaza","2017-01-05","Full-Time","YN332435C","Illa O'Hanley","Husband","07632 770322"
"12118412","Bordy Langhorne","Health & Safety Officer","Operations","33345.00","Bordy.Langhorne@kilburnazon.com","1993-05-06","Northern Ireland Distribution Centre","2 North Way","2016-03-02","Full-Time","QS763259D","Chrysa Stodd","Husband","07196 158363"
"12211065","Francis Horsted","Factory Worker","Operations","23375.00","Francis.Horsted@kilburnazon.com","1988-07-25","Northern Ireland Distribution Centre","7 Crownhardt Plaza","2023-07-29","Full-Time","GP190594B","Vittorio Deacock","Father","07635 422929"
"12211197","Salmon Petegre","Factory Worker","Operations","22669.00","Salmon.Petegre@kilburnazon.com","1978-11-11","Wales Distribution Centre","65790 Buell Plaza","2023-03-31","Full-Time","VH028029C","Mitchell Slessar","Wife","07217 353647"
"12211317","Park Smallridge","Factory Worker","Operations","29224.00","Park.Smallridge@kilburnazon.com","2008-12-28","England North Distribution Centre","18 Hauk Place","2017-10-26","Full-Time","XJ058657D",,"Wife","07764 434396"
"12211356","Brook Ewington","Factory Worker","Operations","24899.00","Brook.Ewington@kilburnazon.com","1995-08-24","England Central Distribution Centre","2337 Schurz Park","2018-12-31","Part-Time","PJ845064C","Elmer Viccars",,"07734 615318"
"12211384","Colman Quinion","Factory Worker","Operations","26857.00","Colman.Quinion@kilburnazon.com","1995-06-23","Scotland Distribution Centre","906 Menomonie Circle","2019-03-29","Part-Time","AG066537A",,"Mother","07831 106222"
"12211435","Tommie Roxbrough","Factory Worker","Operations","26893.00","Tommie.Roxbrough@kilburnazon.com","2007-09-13","England North Distribution Centre","81047 Summerview Trail","2021-08-24","Full-Time","MC945932A","Hobey Couchman",,"07765 987470"
"12211587","Andres De Marchi","Factory Worker","Operations","23519.00","Andres.De Marchi@kilburnazon.com","1984-06-14","England South Distribution Centre","895 David Alley","2021-12-13","Full-Time","OJ510253B","Saudra Cuthbertson",,"07280 447664"
"12211691","Rikki Pauer","Factory Worker","Operations","22074.00","Rikki.Pauer@kilburnazon.com","1981-12-27","Scotland Distribution Centre","82787 Rowland Junction","2020-12-12","Part-Time","FA890103C",,"Civil Partner","07586 267442"
"12211861","Dud Laible","Factory Worker","Operations","24642.00","Dud.Laible@kilburnazon.com","1985-08-26","England South Distribution Centre","7747 Butternut Crossing","2021-08-25","Full-Time","YH533098A","Vernice Perrycost","Mother","07705 656653"
"12212092","Arleyne Cherm","Factory Worker","Operations","24478.00","Arleyne.Cherm@kilburnazon.com","1993-04-07","Scotland Distribution Centre","48 Buhler Hill","2018-10-10","Full-Time","ZD863526A",,,
"12212102","Kittie McLaverty","Factory Worker","Operations","26100.00","Kittie.McLaverty@kilburnazon.com","2008-07-16","Scotland Distribution Centre","49691 Forest Place","2016-11-17","Part-Time","WC624356A","Cory Ioselevich","Civil Partner",
"12212104","Gael Poulston","Factory Worker","Operations","29807.00","Gael.Poulston@kilburnazon.com","2010-01-26","England North Distribution Centre","484 Scoville Avenue","2017-11-20","Part-Time","EF123771D",,,"07521 164356"
"12212133","Hymie Stratford","Factory Worker","Operations","24560.00","Hymie.Stratford@kilburnazon.com","1983-07-25","England Central Distribution Centre","4 Armistice Place","2017-12-08","Full-Time","QJ749434A","Annmaria McMorran","Father","07995 987135"
"12212155","Arie Papworth","Factory Worker","Operations","23437.00","Arie.Papworth@kilburnazon.com","1994-07-22","England South Distribution Centre","4 Bartillon Circle","2016-04-27","Full-Time","NS449797D",,"Husband",
"12212183","Elton Brailey","Factory Worker","Operations","25216.00","Elton.Brailey@kilburnazon.com","1983-08-29","England North Distribution Centre","1846 Eagan Center","2021-11-23","Full-Time","NY623452C",,"Husband","07792 581415"
"12212299","Hamel Hurtic","Factory Worker","Operations","26292.00","Hamel.Hurtic@kilburnazon.com","2008-01-09","England North Distribution Centre","0 West Crossing","2019-02-10","Full-Time","IU169701B","Wells Zemler",,"07851 839533"
"12212488","Susette Hammer","Factory Worker","Operations","29674.00","Susette.Hammer@kilburnazon.com","1978-12-26","Wales Distribution Centre","25117 Waubesa Park","2022-11-23","Full-Time","IW817361B","Gardner Brastead","Husband","07256 179974"
"12212691","Maris Bossom","Factory Worker","Operations","24961.00","Maris.Bossom@kilburnazon.com","1992-06-29","England Central Distribution Centre","55 Spaight Circle","2022-05-15","Part-Time","RG359319A","Cullan Mollitt",,"07691 319082"
"12212751","Ira Wasiela","Factory Worker","Operations","27487.00","Ira.Wasiela@kilburnazon.com","1997-12-13","Wales Distribution Centre","855 Corben Plaza","2024-04-21","Full-Time","UR499786B","Rosalynd Robet","Civil Partner","07295 498242"
"12212803","Nicki Soall","Factory Worker","Operations","28490.00","Nicki.Soall@kilburnazon.com","1986-02-23","Wales Distribution Centre","8991 Gerald Crossing","2018-03-15","Full-Time","KQ705677B","Nataniel Denman","Boyfriend","07551 879062"
"12212831","Cobb Ricart","Factory Worker","Operations","26642.00","Cobb.Ricart@kilburnazon.com","1987-01-22","Scotland Distribution Centre","04195 Gale Plaza","2020-05-10","Full-Time","JV246199D","Alica Smewings","Mother",
"12212901","Nyssa Gerhold","Factory Worker","Operations","28395.00","Nyssa.Gerhold@kilburnazon.com","1977-11-26","England South Distribution Centre","79171 Luster Drive","2020-07-11","Full-Time","QX909374C","Veda Mapson","Wife",
"12212982","Archer Blakely","Factory Worker","Operations","24840.00","Archer.Blakely@kilburnazon.com","2004-05-18","Northern Ireland Distribution Centre","3 Forest Dale Drive","2016-04-20","Full-Time","TT192832C","Patricio Speechly","Civil Partner","07817 587038"
"12212991","Kerrie Weedon","Factory Worker","Operations","27826.00","Kerrie.Weedon@kilburnazon.com","1994-11-24","England South Distribution Centre","13 Ridgeview Street","2018-03-22","Full-Time","DD817948C","Bob Polin","Boyfriend","07684 634429"
"12213124","Gideon Pridham","Factory Worker","Operations","25612.00","Gideon.Pridham@kilburnazon.com","1981-01-26","England North Distribution Centre","7640 Hauk Trail","2015-02-22","Full-Time","LY731522C","Mellisa Warriner",,"07624 054614"
"12213338","Myrna Kilfedder","Factory Worker","Operations","27977.00","Myrna.Kilfedder@kilburnazon.com","1994-09-22","England Central Distribution Centre","746 Carey Hill","2016-09-13","Part-Time","ZN341846D","Erasmus Franchyonok",,"07046 104357"
"12213491","Bernadene Christall","Factory Worker","Operations","24461.00","Bernadene.Christall@kilburnazon.com","1994-04-28","Scotland Distribution Centre","4172 Melvin Street","2015-03-15","Full-Time","IZ802514D","Arlene de Castelain","Mother","07369 082498"
"12213598","Wendye Lightbown","Factory Worker","Operations","29448.00","Wendye.Lightbown@kilburnazon.com","1984-09-11","Northern Ireland Distribution Centre","23476 Fair Oaks Crossing","2019-07-25","Full-Time","YD516559D","Marjy Widdison",,
"12213724","Craggie McKernan","Factory Worker","Operations","26303.00","Craggie.McKernan@kilburnazon.com","1979-01-26","Wales Distribution Centre","6 Toban Court","2016-03-31","Part-Time","IW726530A","Kimbra Forman","Wife",
"12213809","Tate Cowton","Factory Worker","Operations","26798.00","Tate.Cowton@kilburnazon.com","1996-07-02","England Central Distribution Centre","1 Kensington Pass","2019-11-07","Full-Time","MP800168B","Cody Trymme","Girlfriend","07148 668953"
"12213841","Gustavus Hinrich","Factory Worker","Operations","27880.00","Gustavus.Hinrich@kilburnazon.com","2010-01-25","Wales Distribution Centre","11 Rockefeller Drive","2017-04-10","Full-Time","JE689255B","Dory Skynner","Boyfriend","07641 909987"
"12213973","Andee Pulley","Factory Worker","Operations","29053.00","Andee.Pulley@kilburnazon.com","2006-10-28","Scotland Distribution Centre","212 Mccormick Way","2021-03-21","Full-Time","ZR122877D","Esteban McDill","Civil Partner","07812 005920"
"12213974","Sigismondo Shorland","Factory Worker","Operations","26620.00","Sigismondo.Shorland@kilburnazon.com","1995-01-16","Scotland Distribution Centre","6 Quincy Street","2017-01-03","Full-Time","BV974391A","Nikolai Agiolfinger","Girlfriend","07169 431350"
"12213983","Norene Caurah","Factory Worker","Operations","25026.00","Norene.Caurah@kilburnazon.com","2007-07-23","England South Distribution Centre","29 Novick Plaza","2017-10-07","Full-Time","VA851027A","Reamonn Daleman",,"07866 713818"
"12214007","Estrella de Tocqueville","Factory Worker","Operations","29193.00","Estrella.de Tocqueville@kilburnazon.com","1985-05-09","Scotland Distribution Centre","6 Bunker Hill Plaza","2021-01-28","Full-Time","RZ897581B","Michel Archanbault",,
"12214028","Shae Piotrowski","Factory Worker","Operations","22078.00","Shae.Piotrowski@kilburnazon.com","1984-11-06","England South Distribution Centre","469 Clyde Gallagher Way","2022-09-05","Full-Time","ZG697320A","Malory Garrals","Father","07383 324090"
"12214048","Cece Corneck","Factory Worker","Operations","24867.00","Cece.Corneck@kilburnazon.com","1977-06-17","Scotland Distribution Centre","5941 Everett Road","2020-02-08","Full-Time","UE573499B","Bryanty Janjusevic","Boyfriend","07167 846379"
"12214105","Brandi Charrier","Factory Worker","Operations","28395.00","Brandi.Charrier@kilburnazon.com","1982-03-08","Wales Distribution Centre","85503 Dahle Circle","2019-05-04","Full-Time","IW006546D","Amii De Simone","Boyfriend","07735 915033"
"12214121","Gerek Piccop","Factory Worker","Operations","27388.00","Gerek.Piccop@kilburnazon.com","1984-10-26","Wales Distribution Centre","52 Donald Terrace","2021-10-10","Full-Time","TX132819D","Gaylor McMurray","Boyfriend","07092 071016"
"12214152","Edmon Hunnable","Factory Worker","Operations","29285.00","Edmon.Hunnable@kilburnazon.com","2003-01-28","England Central Distribution Centre","640 Fieldstone Crossing","2021-04-20","Full-Time","WU139834B","Marcus Demkowicz","Father",
"12214303","Romeo Mc Combe","Factory Worker","Operations","28963.00","Romeo.Mc Combe@kilburnazon.com","2001-08-27","England Central Distribution Centre","29334 Veith Alley","2021-11-15","Full-Time","NT727673A",,"Wife","07951 197373"
"12214418","Hamil Sonner","Factory Worker","Operations","27243.00","Hamil.Sonner@kilburnazon.com","1991-05-19","Wales Distribution Centre","06243 Trailsway Hill","2016-07-29","Full-Time","ZH643753A",,"Civil Partner","07040 348788"
"12214573","Silvie Kensy","Factory Worker","Operations","23750.00","Silvie.Kensy@kilburnazon.com","2007-02-17","Wales Distribution Centre","9 Forest Run Trail","2018-02-14","Full-Time","KQ688135B","Liliane Spirit","Girlfriend","07180 069610"
"12214750","Zorina Rumgay","Factory Worker","Operations","26338.00","Zorina.Rumgay@kilburnazon.com","2007-07-12","England North Distribution Centre","75495 Mendota Drive","2024-02-28","Full-Time","BE368387B","Bonnee Parade","Boyfriend","07150 674848"
"12214822","Silvie Pitone","Factory Worker","Operations","29524.00","Silvie.Pitone@kilburnazon.com","1985-11-06","England North Distribution Centre","19 Utah Junction","2022-04-10","Full-Time","EC081603D","Orran Dummigan","Father","07769 506815"
"12215160","Roma Raynham","Factory Worker","Operations","25429.00","Roma.Raynham@kilburnazon.com","2002-04-12","Wales Distribution Centre","83055 5th Junction","2017-07-03","Full-Time","WL256374C",,"Father",
"12215254","Bev Duddin","Factory Worker","Operations","27170.00","Bev.Duddin@kilburnazon.com","1979-01-11","Northern Ireland Distribution Centre","13 Miller Plaza","2019-10-18","Full-Time","RI956084A","Hussein Gurg","Husband","07657 688119"
"12215263","Morganica Cornell","Factory Worker","Operations","22185.00","Morganica.Cornell@kilburnazon.com","1976-01-24","England Central Distribution Centre","555 Chinook Circle","2023-03-03","Full-Time","PX205687D",,"Boyfriend","07528 372445"
"12215349","Murdock Couves","Factory Worker","Operations","27174.00","Murdock.Couves@kilburnazon.com","2006-10-02","England South Distribution Centre","2825 Merry Parkway","2017-10-25","Part-Time","KJ917140A","Bendicty Jenney",,"07335 479379"
"12215479","Raeann McGann","Factory Worker","Operations","24709.00","Raeann.McGann@kilburnazon.com","1976-07-25","Wales Distribution Centre","880 Ridgeview Circle","2017-01-11","Full-Time","LH242707D",,"Wife","07866 056882"
"12215484","Elena Pirdue","Factory Worker","Operations","22682.00","Elena.Pirdue@kilburnazon.com","1977-11-06","Wales Distribution Centre","506 Arkansas Trail","2017-06-20","Full-Time","VA222115A","Aurel Byles","Mother","07371 440337"
"12215504","Glori Childes","Factory Worker","Operations","28468.00","Glori.Childes@kilburnazon.com","1990-04-03","Wales Distribution Centre","83346 Montana Crossing","2022-11-30","Full-Time","BS841445B","Powell Haszard","Wife","07843 627553"
"12215537","Georgeta Wimsett","Factory Worker","Operations","29149.00","Georgeta.Wimsett@kilburnazon.com","2000-03-03","Scotland Distribution Centre","9 Northland Avenue","2023-09-29","Full-Time","SI936435A",,"Girlfriend","07925 226446"
"12215562","Silvan Murrum","Factory Worker","Operations","27210.00","Silvan.Murrum@kilburnazon.com","1988-11-19","England North Distribution Centre","3485 Farwell Avenue","2016-02-05","Full-Time","QR276424B","Riannon Hedgeley","Girlfriend","07416 475697"
"12215594","Nan Branchett","Factory Worker","Operations","27496.00","Nan.Branchett@kilburnazon.com","2004-07-22","England South Distribution Centre","8470 Dorton Pass","2023-08-18","Full-Time","VM862134C",,"Boyfriend","07140 397605"
"12215734","Reinold Batcheldor","Factory Worker","Operations","23196.00","Reinold.Batcheldor@kilburnazon.com","1998-01-23","Northern Ireland Distribution Centre","54841 Eastlawn Alley","2020-09-26","Full-Time","HP910350D","Quillan Cotelard",,"07402 789089"
"12215785","Russ Thick","Factory Worker","Operations","26277.00","Russ.Thick@kilburnazon.com","2002-11-08","Wales Distribution Centre","10 North Way","2018-02-12","Full-Time","FF334132C","Brose Bewsey","Civil Partner","07551 210971"
"12215805","Hallsy Hitzke","Factory Worker","Operations","22579.00","Hallsy.Hitzke@kilburnazon.com","2002-01-09","England North Distribution Centre","1543 4th Trail","2023-05-31","Full-Time","PI475660C",,"Boyfriend",
"12215877","Grantham Croose","Factory Worker","Operations","28331.00","Grantham.Croose@kilburnazon.com","1986-05-24","Scotland Distribution Centre","5 Jay Street","2017-11-20","Full-Time","PA064813C","Beltran Blunkett",,"07615 215737"
"12215968","Thadeus Frances","Factory Worker","Operations","22214.00","Thadeus.Frances@kilburnazon.com","2004-10-21","Wales Distribution Centre","3489 Sunbrook Avenue","2018-01-07","Full-Time","MP338297A","Selena Gilliat","Girlfriend","07459 397115"
"12216093","Gaultiero Folini","Factory Worker","Operations","25094.00","Gaultiero.Folini@kilburnazon.com","2003-05-16","England North Distribution Centre","4885 Southridge Street","2023-08-08","Full-Time","BS704468C","Donalt Volcker",,"07558 160444"
"12216138","Reta Lympany","Factory Worker","Operations","23051.00","Reta.Lympany@kilburnazon.com","1995-01-21","England North Distribution Centre","408 Meadow Valley Street","2017-09-14","Full-Time","KT258389D","Hilliary Cullingford",,"07663 787888"
"12216285","Tammara Cristoforo","Factory Worker","Operations","22899.00","Tammara.Cristoforo@kilburnazon.com","1981-05-07","Scotland Distribution Centre","9 Golf Drive","2022-10-14","Full-Time","IM822270A","Worth Dearn","Husband","07104 872801"
"12216342","Alvina Le Grys","Factory Worker","Operations","22389.00","Alvina.Le Grys@kilburnazon.com","1980-04-15","Scotland Distribution Centre","7118 Del Mar Terrace","2015-02-07","Full-Time","AN547962C",,"Mother","07038 288225"
"12217046","Dehlia Jackes","Factory Worker","Operations","28581.00","Dehlia.Jackes@kilburnazon.com","1984-08-13","Scotland Distribution Centre","193 Village Green Hill","2022-12-08","Full-Time","RV614094A","Marrilee Gainsford","Father","07838 245506"
"12217234","Jozef Stinton","Factory Worker","Operations","23923.00","Jozef.Stinton@kilburnazon.com","1991-05-19","England Central Distribution Centre","2191 Eagle Crest Road","2015-06-19","Part-Time","CK472140C","Judi Scanlon","Civil Partner","07764 252550"
"12217291","Melantha Merricks","Factory Worker","Operations","28884.00","Melantha.Merricks@kilburnazon.com","1976-03-23","Wales Distribution Centre","03738 Prairie Rose Road","2019-09-26","Part-Time","MI009758A","Hebert Learmond","Husband","07730 757373"
"12217385","Shannah Langelaan","Factory Worker","Operations","25837.00","Shannah.Langelaan@kilburnazon.com","1982-04-23","Northern Ireland Distribution Centre","89 Vermont Parkway","2015-06-17","Full-Time","YK800571D","Roma Getcliff","Husband","07770 964810"
"12217466","Joelynn Dorgan","Factory Worker","Operations","22660.00","Joelynn.Dorgan@kilburnazon.com","1989-08-08","England Central Distribution Centre","556 Merchant Drive","2016-01-02","Full-Time","QQ562762D","Rog Redman","Wife","07596 559644"
"12217623","Ebba MacLeese","Factory Worker","Operations","25826.00","Ebba.MacLeese@kilburnazon.com","1989-05-23","England North Distribution Centre","6 Ridgeway Place","2015-11-29","Full-Time","DV715327B","Cal Maybey","Civil Partner","07126 482408"
"12217795","Monty Ambrozik","Factory Worker","Operations","25346.00","Monty.Ambrozik@kilburnazon.com","1979-10-17","England Central Distribution Centre","1538 Linden Way","2024-01-24","Full-Time","XL643171C","Angy Recke","Mother","07027 376702"
"12217867","Austin Lambertini","Factory Worker","Operations","23623.00","Austin.Lambertini@kilburnazon.com","1983-02-10","Scotland Distribution Centre","0365 Ludington Terrace","2021-12-03","Full-Time","DB481685B","Dorise Rait","Father","07004 169110"
"12217876","Matias Tuttle","Factory Worker","Operations","25796.00","Matias.Tuttle@kilburnazon.com","1977-01-02","Northern Ireland Distribution Centre","12 Holmberg Alley","2017-01-21","Full-Time","CM486322A","Ole Habard","Father","07385 115626"
"12218012","Linoel Leyfield","Factory Worker","Operations","28948.00","Linoel.Leyfield@kilburnazon.com","1997-01-29","Wales Distribution Centre","7183 Huxley Street","2016-02-13","Full-Time","MD948062C",,,"07571 099273"
"12218053","Judith Ingry","Factory Worker","Operations","23852.00","Judith.Ingry@kilburnazon.com","1985-11-20","Scotland Distribution Centre","1378 Caliangt Way","2022-05-03","Full-Time","NN501872D","Pierrette Renvoise","Wife",
"12218242","Bliss Scarlon","Factory Worker","Operations","29838.00","Bliss.Scarlon@kilburnazon.com","1995-08-15","Scotland Distribution Centre","98 Acker Road","2021-06-08","Full-Time","FX964363B","Frazier Lob","Boyfriend","07803 263257"
"12218688","Randee Hedgeman","Factory Worker","Operations","24395.00","Randee.Hedgeman@kilburnazon.com","2003-11-22","England South Distribution Centre","68 Mcbride Road","2019-08-21","Full-Time","UN052491C","Katie Pryor",,"07663 548014"
"12218788","Philis Dosdale","Factory Worker","Operations","29490.00","Philis.Dosdale@kilburnazon.com","1980-10-24","England South Distribution Centre","70 Delaware Street","2021-07-13","Full-Time","NV495682B","Elonore Hair","Father","07428 928875"
"12218834","Lyndel Ivankov","Factory Worker","Operations","27114.00","Lyndel.Ivankov@kilburnazon.com","1980-10-08","Wales Distribution Centre","3017 Arapahoe Center","2019-04-19","Full-Time","UC182199C","Humfrey Easbie","Father",
"12218854","Janie Gavaran","Factory Worker","Operations","29163.00","Janie.Gavaran@kilburnazon.com","2008-07-10","Northern Ireland Distribution Centre","21 Monterey Drive","2022-10-19","Part-Time","JB759596D","Susan Steeples","Girlfriend","07134 753781"
"12218878","Lari Lesaunier","Factory Worker","Operations","26072.00","Lari.Lesaunier@kilburnazon.com","1997-02-16","Wales Distribution Centre","44 Dakota Avenue","2022-08-16","Full-Time","EY051190D","Melissa Lerer","Boyfriend",
"12218960","Rockwell Bradshaw","Factory Worker","Operations","23982.00","Rockwell.Bradshaw@kilburnazon.com","1994-02-11","Scotland Distribution Centre","232 Colorado Trail","2016-05-26","Full-Time","AE765414B","Carmine Stickel","Boyfriend",
"12219024","Myrtia Querree","Factory Worker","Operations","25277.00","Myrtia.Querree@kilburnazon.com","1985-07-17","Wales Distribution Centre","9 Claremont Plaza","2017-12-11","Full-Time","EO523284A","Kelley Porrett","Husband","07333 032436"
"12219175","Suzanne Spillane","Factory Worker","Operations","23367.00","Suzanne.Spillane@kilburnazon.com","1987-10-30","Wales Distribution Centre","6945 Logan Street","2019-08-26","Full-Time","VC486847C","Andrej Ratke",,"07715 401737"
"12219204","Lovell Pullan","Factory Worker","Operations","27984.00","Lovell.Pullan@kilburnazon.com","1987-07-19","England South Distribution Centre","1586 Gina Avenue","2015-12-08","Full-Time","GU758119B","Tisha Wycliff","Civil Partner",
"12219325","Atlanta Wimmer","Factory Worker","Operations","26637.00","Atlanta.Wimmer@kilburnazon.com","1996-11-17","England North Distribution Centre","6286 Burrows Plaza","2022-06-17","Full-Time","VH221989D",,,
"12219474","Carmelina Draxford","Factory Worker","Operations","23557.00","Carmelina.Draxford@kilburnazon.com","1983-06-23","England North Distribution Centre","22104 Sundown Hill","2018-06-20","Full-Time","SF517589B",,"Civil Partner","07773 365110"
"12219510","Alice Dunklee","Factory Worker","Operations","28410.00","Alice.Dunklee@kilburnazon.com","2003-05-28","England South Distribution Centre","615 Anhalt Circle","2020-07-26","Full-Time","AF026052C","Francine Marzello","Father","07244 052918"
"12219550","Duky Belfit","Factory Worker","Operations","27710.00","Duky.Belfit@kilburnazon.com","1977-02-27","England South Distribution Centre","66619 Ruskin Avenue","2023-01-07","Full-Time","ME613124D","Arvy Covely","Girlfriend","07146 735902"
"12219584","Fernandina Pietrzyk","Factory Worker","Operations","27538.00","Fernandina.Pietrzyk@kilburnazon.com","1991-09-03","Northern Ireland Distribution Centre","797 Reinke Park","2015-12-01","Full-Time","OD878006D","Melesa Raoult","Father","07920 910745"
"12219595","Octavius Campkin","Factory Worker","Operations","27289.00","Octavius.Campkin@kilburnazon.com","1999-01-15","Wales Distribution Centre","15 Meadow Vale Drive","2022-11-03","Full-Time","TT300300B","Claus Starking",,"07947 350202"
"12219646","Nolie Maiklem","Factory Worker","Operations","28901.00","Nolie.Maiklem@kilburnazon.com","1997-07-02","Scotland Distribution Centre","32022 Haas Pass","2018-08-19","Full-Time","YY366239A","Louie Dommett",,
"12219701","Graham Pannett","Factory Worker","Operations","23595.00","Graham.Pannett@kilburnazon.com","1994-12-16","Northern Ireland Distribution Centre","64489 Luster Circle","2021-02-03","Full-Time","JT025781C","Jordanna Buxsey","Mother","07756 130401"
"12219779","Muffin Herion","Factory Worker","Operations","24658.00","Muffin.Herion@kilburnazon.com","1986-10-13","England South Distribution Centre","2523 Mcbride Avenue","2021-07-15","Full-Time","RF555700B","Gloriana Huckell",,"07502 956122"
"12311037","Bettina Karby","Delivery Driver","Operations","29913.00","Bettina.Karby@kilburnazon.com","2004-02-11","England Central Distribution Centre","42818 Farragut Park","2016-08-29","Full-Time","DC674435A","Leora Brownstein","Girlfriend","07681 639640"
"12311055","Elora Lundbech","Delivery Driver","Operations","31513.00","Elora.Lundbech@kilburnazon.com","1983-01-31","England South Distribution Centre","2597 Hintze Court","2020-03-31","Full-Time","TP864527A","Raymond Palatini","Husband",
"12311153","Prissie Berthome","Delivery Driver","Operations","25745.00","Prissie.Berthome@kilburnazon.com","1990-09-22","England North Distribution Centre","27 Sunnyside Parkway","2017-02-21","Full-Time","ER911659C","Quintus Battelle","Husband","07478 793423"
"12311581","Hesther Mallows","Delivery Driver","Operations","27848.00","Hesther.Mallows@kilburnazon.com","2000-12-26","England North Distribution Centre","51052 Hazelcrest Pass","2024-02-28","Full-Time","XH223005D",,"Husband",
"12311667","Ursuline Boltwood","Delivery Driver","Operations","30717.00","Ursuline.Boltwood@kilburnazon.com","1996-11-23","England South Distribution Centre","00426 Erie Place","2024-01-03","Full-Time","XT806503B",,"Mother",
"12311703","Elsworth Vannuccini","Delivery Driver","Operations","26213.00","Elsworth.Vannuccini@kilburnazon.com","2004-10-15","England South Distribution Centre","1 Killdeer Parkway","2023-10-18","Full-Time","LL003960D","Sansone Majury","Wife","07750 314774"
"12312622","Tish Armsden","Delivery Driver","Operations","31890.00","Tish.Armsden@kilburnazon.com","2007-10-08","Wales Distribution Centre","1 Holy Cross Alley","2021-01-31","Full-Time","MA003782C","Tedd Elcott","Husband","07929 076995"
"12312658","Kailey Gilfoy","Delivery Driver","Operations","25278.00","Kailey.Gilfoy@kilburnazon.com","1992-03-22","Scotland Distribution Centre","6 Cardinal Pass","2018-12-26","Full-Time","XX406929D","Orsola Philip",,"07476 651024"
"12312661","Yance Colenutt","Delivery Driver","Operations","34275.00","Yance.Colenutt@kilburnazon.com","1977-04-08","England North Distribution Centre","3 Dwight Hill","2018-01-11","Freelance","EX860931B","Barclay Whitehall","Girlfriend","07935 195747"
"12312718","Jessee Gilliatt","Delivery Driver","Operations","33264.00","Jessee.Gilliatt@kilburnazon.com","1986-05-19","Wales Distribution Centre","1 Ridgeview Court","2016-02-03","Full-Time","GP806436B","Adiana Calveley",,"07013 385409"
"12313264","Leyla Boraston","Delivery Driver","Operations","26346.00","Leyla.Boraston@kilburnazon.com","1976-07-26","Wales Distribution Centre","494 Grim Alley","2020-06-28","Full-Time","WB171749D",,,"07518 048416"
"12313366","Nelson Gabala","Delivery Driver","Operations","28300.00","Nelson.Gabala@kilburnazon.com","1975-10-14","England Central Distribution Centre","60618 Fremont Crossing","2016-11-17","Part-Time","BK288308D",,"Boyfriend",
"12313725","Tedda Howle","Delivery Driver","Operations","32593.00","Tedda.Howle@kilburnazon.com","1997-03-15","England South Distribution Centre","581 Pepper Wood Lane","2017-08-15","Full-Time","WU418446C","Gilbertina Glaisner","Girlfriend","07482 265277"
"12313980","Natalie Riggert","Delivery Driver","Operations","31733.00","Natalie.Riggert@kilburnazon.com","1984-06-30","Northern Ireland Distribution Centre","0 Melvin Plaza","2016-07-29","Full-Time","DZ022802D","Cale Aspital",,"07150 096722"
"12314042","Courtnay Glowach","Delivery Driver","Operations","29544.00","Courtnay.Glowach@kilburnazon.com","1999-05-14","England North Distribution Centre","6 Red Cloud Plaza","2015-05-12","Part-Time","MY766732B",,"Mother",
"12314327","Lucien Pfeiffer","Delivery Driver","Operations","28500.00","Lucien.Pfeiffer@kilburnazon.com","1981-06-12","Northern Ireland Distribution Centre","56692 Esker Plaza","2018-11-01","Freelance","AA005657A","Rice Skentelbury","Father","07208 447376"
"12314528","Kingsley Santoro","Delivery Driver","Operations","33011.00","Kingsley.Santoro@kilburnazon.com","2005-05-31","Scotland Distribution Centre","5 Anderson Center","2017-07-28","Part-Time","JS005009C",,"Wife","07870 741081"
"12314667","Sileas Brooksbank","Delivery Driver","Operations","25331.00","Sileas.Brooksbank@kilburnazon.com","1993-05-27","Scotland Distribution Centre","1364 Hermina Alley","2019-10-06","Freelance","JF077926D",,,
"12315187","Cayla Manginot","Delivery Driver","Operations","30474.00","Cayla.Manginot@kilburnazon.com","2005-08-03","Scotland Distribution Centre","446 Springs Pass","2021-12-20","Full-Time","PW746511A","Keane Ales0","Civil Partner","07707 013055"
"12315752","Evvie Chesters","Delivery Driver","Operations","26877.00","Evvie.Chesters@kilburnazon.com","1997-09-04","Northern Ireland Distribution Centre","84068 Sycamore Trail","2015-07-14","Freelance","AN202720C","Natasha Santoro",,"07084 119115"
"12315825","Dorita Ilyunin","Delivery Driver","Operations","25521.00","Dorita.Ilyunin@kilburnazon.com","2002-07-09","Wales Distribution Centre","6902 La Follette Pass","2018-03-13","Full-Time","OU700204C","Geordie Lyall","Girlfriend","07306 693225"
"12315928","Rubetta Dienes","Delivery Driver","Operations","30488.00","Rubetta.Dienes@kilburnazon.com","2009-04-22","England Central Distribution Centre","43037 Little Fleur Road","2018-02-12","Full-Time","TP293641C","Derrek Gladdin","Civil Partner","07860 628735"
"12316053","Donn Muscat","Delivery Driver","Operations","27092.00","Donn.Muscat@kilburnazon.com","1999-05-26","Wales Distribution Centre","2269 Marquette Terrace","2022-11-06","Full-Time","MM977993D",,"Mother","07794 304300"
"12316237","Bald Spindler","Delivery Driver","Operations","28972.00","Bald.Spindler@kilburnazon.com","1977-11-12","Northern Ireland Distribution Centre","894 Stoughton Way","2018-08-29","Full-Time","KY965343C","Isidor Hillan",,"07722 676666"
"12316925","Jacklyn Schuricke","Delivery Driver","Operations","28147.00","Jacklyn.Schuricke@kilburnazon.com","1999-11-21","England Central Distribution Centre","13653 Granby Pass","2016-08-17","Full-Time","TW771202A","Cyrill Ismirnioglou","Husband","07841 597997"
"12317808","Philippine Hinchcliffe","Delivery Driver","Operations","32534.00","Philippine.Hinchcliffe@kilburnazon.com","2003-04-24","Scotland Distribution Centre","29800 Main Alley","2015-08-13","Freelance","FZ330174A","Abbe Needs","Wife",
"12317934","Phylis Shemwell","Delivery Driver","Operations","26136.00","Phylis.Shemwell@kilburnazon.com","1987-11-05","Northern Ireland Distribution Centre","5604 Chinook Hill","2016-04-08","Full-Time","LT510431B","Gloria Highwood","Boyfriend","07196 818911"
"12318662","Viki Maddinon","Delivery Driver","Operations","31908.00","Viki.Maddinon@kilburnazon.com","1990-03-09","England North Distribution Centre","42 Thierer Center","2020-03-15","Freelance","TI165499C","Afton Walden",,"07039 917113"
"12319513","Hillie Hele","Delivery Driver","Operations","33855.00","Hillie.Hele@kilburnazon.com","1999-02-04","England Central Distribution Centre","820 Graceland Place","2021-07-25","Full-Time","ZO227530D","Bettina Evanson","Girlfriend","07334 622208"
"12319914","Saidee Favela","Delivery Driver","Operations","31935.00","Saidee.Favela@kilburnazon.com","1999-04-16","England South Distribution Centre","94 Ruskin Street","2016-11-10","Full-Time","ZV971333B","Shaine Olsson",,"07512 967997"
"13110482","Jayme Greiswood","Accountant","Finance","33681.00","Jayme.Greiswood@kilburnazon.com","1991-11-11","Kilburn Building","70 Farragut Lane","2018-08-16","Full-Time","PH455369B","Hayward Norley","Mother","07832 036596"
"13111738","Mirabella Gullane","Accountant","Finance","38988.00","Mirabella.Gullane@kilburnazon.com","1996-05-20","Lewis Building","3 Beilfuss Trail","2020-12-28","Part-Time","KF883937B",,"Boyfriend","07862 622159"
"13117262","Samara Le febre","Accountant","Finance","44372.00","Samara.Le febre@kilburnazon.com","1990-05-16","Lewis Building","200 Delladonna Terrace","2021-12-14","Full-Time","XA964107B","Marylynne Jonsson","Mother","07437 831717"
"13211973","Elden Toy","Financial Analyst","Finance","39153.00","Elden.Toy@kilburnazon.com","2004-06-04","Lewis Building","2816 Florence Crossing","2023-01-02","Full-Time","NL822476D","Kienan Killeley","Father",
"13212738","Paolo Lewin","Financial Analyst","Finance","32254.00","Paolo.Lewin@kilburnazon.com","1995-07-27","Kilburn Building","84332 Oak Plaza","2020-08-13","Full-Time","RI019366A","Jenica McGrudder","Girlfriend","07963 860510"
"14111094","Gerek Davenell","Brand Developer","Marketing","28285.00","Gerek.Davenell@kilburnazon.com","1993-07-28","Lewis Building","057 Dixon Park","2020-09-20","Freelance","ZX739819A",,"Husband","07183 143586"
"14113626","Eberhard Pepi","Brand Developer","Marketing","23218.00","Eberhard.Pepi@kilburnazon.com","1978-09-03","Kilburn Building","4323 Vernon Lane","2020-08-11","Full-Time","BY151362A","Tabbie Gilphillan",,"07678 551130"
"14118236","Emogene Burchard","Brand Developer","Marketing","25249.00","Emogene.Burchard@kilburnazon.com","1988-07-19","Broadgate Tower","25 Arkansas Trail","2022-09-29","Part-Time","UZ112160A",,"Boyfriend",
"14119372","Peirce Stoyell","Brand Developer","Marketing","22515.00","Peirce.Stoyell@kilburnazon.com","1982-10-03","Lewis Building","903 Claremont Street","2020-10-13","Freelance","VQ308399D","Doria Johanchon","Civil Partner","07036 960338"
"14212158","Zacharias Tomlett","Industry Researcher","Marketing","28703.00","Zacharias.Tomlett@kilburnazon.com","1986-08-20","Lewis Building","679 Brown Hill","2018-05-01","Full-Time","TK940382B","Minda Ferrillo","Mother","07056 710360"
"14213503","Merle Lehrahan","Industry Researcher","Marketing","29514.00","Merle.Lehrahan@kilburnazon.com","1990-12-16","Lewis Building","22 Aberg Trail","2024-03-03","Full-Time","CP398627A","Aluin Humbell","Mother",
"14216011","Berny Mountstephen","Industry Researcher","Marketing","24129.00","Berny.Mountstephen@kilburnazon.com","1986-12-16","Lewis Building","5347 Vermont Parkway","2020-11-07","Full-Time","CM316192A",,"Mother","07532 858225"
"14216103","Doretta Lavrick","Industry Researcher","Marketing","25206.00","Doretta.Lavrick@kilburnazon.com","2002-03-02","Lewis Building","72342 Swallow Drive","2019-10-11","Full-Time","IN506488A","Dacey Chasmoor","Mother","07780 371203"
"14218309","Colette McChruiter","Industry Researcher","Marketing","28946.00","Colette.McChruiter@kilburnazon.com","1996-09-27","Broadgate Tower","227 Green Ridge Junction","2023-05-01","Freelance","YK615192A","Brianna Harlock","Husband","07181 235352"
"14219116","Cosmo Challicombe","Industry Researcher","Marketing","27254.00","Cosmo.Challicombe@kilburnazon.com","1997-02-13","Kilburn Building","87 Comanche Trail","2019-11-29","Full-Time","IB014432A",,"Girlfriend","07527 844139"
"14311409","Karlotte Jeffry","Product Designer","Marketing","23759.00","Karlotte.Jeffry@kilburnazon.com","1991-07-20","Kilburn Building","964 Fordem Drive","2023-11-13","Full-Time","VP996371C","Viola Ferrario","Girlfriend","07717 776894"
"14311984","Annis Cranna","Product Designer","Marketing","24243.00","Annis.Cranna@kilburnazon.com","1987-08-17","Broadgate Tower","26 Bay Court","2021-05-18","Full-Time","RJ336182A","Dmitri Cranna","Husband",
"14312012","Ondrea Brewitt","Product Designer","Marketing","22872.00","Ondrea.Brewitt@kilburnazon.com","1979-12-18","Kilburn Building","47 Welch Way","2016-06-02","Full-Time","WQ882395C","Elita Pohls","Civil Partner",
"14312778","Andris O'Coskerry","Product Designer","Marketing","23747.00","Andris.O'Coskerry@kilburnazon.com","1988-04-08","Broadgate Tower","70267 Hallows Plaza","2017-04-05","Full-Time","DE252849D","Fernande Struthers","Father","07699 818669"
"14315369","Uta Ashbee","Product Designer","Marketing","23762.00","Uta.Ashbee@kilburnazon.com","1989-10-09","Lewis Building","73746 Commercial Pass","2015-12-30","Full-Time","RY032334C","Danette Costi",,"07997 748914"
"14316158","Janessa Hilldrup","Product Designer","Marketing","24021.00","Janessa.Hilldrup@kilburnazon.com","2008-07-12","Lewis Building","7 Dorton Way","2016-08-21","Full-Time","JO147528A","Denny Nicolson","Wife","07123 801554"
"14316558","Portie Shera","Product Designer","Marketing","25682.00","Portie.Shera@kilburnazon.com","1989-12-28","Kilburn Building","263 Old Gate Road","2016-02-04","Full-Time","AU408831D","Daria Menichillo",,"07373 825339"
"14319195","Loutitia Marsay","Product Designer","Marketing","29351.00","Loutitia.Marsay@kilburnazon.com","1999-05-15","Kilburn Building","19713 Jenna Trail","2020-10-30","Full-Time","KF921497D","Natalina Ollis",,
"14319749","Brendon Pinck","Product Designer","Marketing","25881.00","Brendon.Pinck@kilburnazon.com","1983-03-15","Kilburn Building","1 Aberg Road","2021-09-10","Full-Time","QT527452D",,"Mother",
"14319953","Cornelle Plowright","Product Designer","Marketing","28686.00","Cornelle.Plowright@kilburnazon.com","1993-03-15","Kilburn Building","8902 Eastlawn Court","2015-03-22","Full-Time","UG075011C","Calypso Mapston",,"07608 461696"
"15111844","Tiphany Ricci","Front End Developer","Technology","38197.00","Tiphany.Ricci@kilburnazon.com","1987-12-19","Lewis Building","71746 Division Court","2018-11-21","Freelance","OJ317301B","Artemus Gile","Wife","07077 101937"
"15112846","Quintina Stannard","Front End Developer","Technology","48586.00","Quintina.Stannard@kilburnazon.com","2002-10-24","Lewis Building","695 Mariners Cove Court","2018-04-30","Part-Time","OS711286D","Livvy Shingles","Wife",
"15113827","Codie Beards","Front End Developer","Technology","38820.00","Codie.Beards@kilburnazon.com","2004-11-17","Kilburn Building","7 Corben Road","2024-03-12","Freelance","QS611097B","Kassi Flay","Father","07204 608582"
"15114920","Archie Mongeot","Front End Developer","Technology","46420.00","Archie.Mongeot@kilburnazon.com","1986-06-05","Kilburn Building","210 Lake View Pass","2023-04-05","Freelance","DS458797C",,,
"15118902","Torrey Lidgertwood","Front End Developer","Technology","37008.00","Torrey.Lidgertwood@kilburnazon.com","2006-02-12","Lewis Building","366 Eagle Crest Park","2023-05-07","Full-Time","MB541802C","Tull North",,"07082 174879"
"15119246","Felisha Folke","Front End Developer","Technology","38958.00","Felisha.Folke@kilburnazon.com","1982-07-29","Broadgate Tower","0773 Del Mar Place","2018-08-14","Part-Time","DY315283B","Brigitta Greep",,"07079 952137"
"15119273","Jolene Leeuwerink","Front End Developer","Technology","43182.00","Jolene.Leeuwerink@kilburnazon.com","1989-03-28","Broadgate Tower","7 Comanche Hill","2018-01-24","Part-Time","FL470973C","Ronda Mabley","Wife","07342 424970"
"15210019","Philipa Secret","Back End Developer","Technology","39583.00","Philipa.Secret@kilburnazon.com","1995-12-15","Broadgate Tower","02657 Summit Place","2020-02-05","Part-Time","BU955906D","Jeramey Czadla","Girlfriend","07360 969163"
"15210392","Gert Romagnosi","Back End Developer","Technology","37617.00","Gert.Romagnosi@kilburnazon.com","1995-04-29","Kilburn Building","81 Mallard Alley","2016-08-21","Full-Time","TG492624A","Jilly Fullbrook","Girlfriend","07405 079997"
"15211173","Colas Rignoldes","Back End Developer","Technology","35925.00","Colas.Rignoldes@kilburnazon.com","1982-09-21","Kilburn Building","1448 Springview Point","2022-04-09","Full-Time","TM708308D",,"Father",
"15212726","Ad Gitthouse","Back End Developer","Technology","38896.00","Ad.Gitthouse@kilburnazon.com","2008-05-06","Lewis Building","85018 Bluejay Way","2018-08-21","Full-Time","YF342757B",,"Girlfriend","07933 924971"
"15214928","Eb Scotter","Back End Developer","Technology","35585.00","Eb.Scotter@kilburnazon.com","2001-09-25","Kilburn Building","8295 Milwaukee Junction","2021-11-14","Freelance","UQ114832D","Rosabel Rosell","Girlfriend","07949 698940"
"15218274","Brooke Bevir","Back End Developer","Technology","41271.00","Brooke.Bevir@kilburnazon.com","1992-12-08","Broadgate Tower","9456 Charing Cross Parkway","2020-04-15","Full-Time","SJ671620A","Tremayne Mumford","Girlfriend","07070 829323"
"15310538","Barnie Howsden","Full Stack Developer","Technology","78124.00","Barnie.Howsden@kilburnazon.com","2004-05-28","Lewis Building","940 Green Ridge Crossing","2017-04-26","Part-Time","QW437381C",,"Mother","07654 711451"
"15311928","Hobard McQuillen","Full Stack Developer","Technology","68912.00","Hobard.McQuillen@kilburnazon.com","1981-12-30","Lewis Building","147 Clarendon Lane","2023-11-24","Part-Time","VN239373D",,"Husband",
"15311947","Tamqrah Havill","Full Stack Developer","Technology","89016.00","Tamqrah.Havill@kilburnazon.com","1974-11-30","Kilburn Building","03 Monument Trail","2019-11-23","Part-Time","ZU142453A","Burnard Yosifov","Girlfriend","07231 488090"
"15314926","Brunhilde Doring","Full Stack Developer","Technology","82064.00","Brunhilde.Doring@kilburnazon.com","1989-03-04","Lewis Building","8 Canary Terrace","2023-06-05","Full-Time","DY737542D","Marlin Knight","Civil Partner","07326 647976"
"15413482","Brande Setch","Junior Developer","Technology","53173.00","Brande.Setch@kilburnazon.com","2000-06-01","Kilburn Building","2 Columbus Terrace","2020-09-11","Full-Time","CM199844A","Nerissa Maisey","Wife","07740 330980"
"15413871","Tobit Blacker","Junior Developer","Technology","22000.00","Tobit.Blacker@kilburnazon.com","2005-09-26","Broadgate Tower","77241 Arapahoe Court","2023-01-21","Internship","PX409930A","Letitia Normabell","Mother","07295 892245"
"15419183","Bevvy Counihan","Junior Developer","Technology","95590.00","Bevvy.Counihan@kilburnazon.com","1992-04-05","Broadgate Tower","20943 Everett Park","2023-07-04","Part-Time","CU409429A","Fayth Bazylets","Girlfriend",
"15419236","Raynard Scriviner","Junior Developer","Technology","68175.00","Raynard.Scriviner@kilburnazon.com","2008-03-27","Kilburn Building","531 Hoard Place","2023-03-26","Part-Time","ST135719D","Emiline McEnhill",,"07952 777488"
"15419427","Fergus Blacker","Junior Developer","Technology","22000.00","Fergus.Blacker@kilburnazon.com","2005-09-26","Broadgate Tower","77241 Arapahoe Court","2023-01-21","Internship","AJ281735A","Letitia Normabell","Mother","07295 892245"
"15512916","Sherye Larrat","Cyber Security","Technology","63743.00","Sherye.Larrat@kilburnazon.com","1993-12-23","Kilburn Building","700 Harper Alley","2018-03-08","Part-Time","ZK749313A","Isidora Hanster",,"07736 429556"
"15518273","Julissa Pedrocchi","Cyber Security","Technology","62946.00","Julissa.Pedrocchi@kilburnazon.com","1989-02-28","Lewis Building","23483 Clove Circle","2022-02-21","Part-Time","XA340620B",,"Wife","07043 095609"
